"model","AIC","BIC"
"model_logit_1_hw",928.827854575279,938.917664809538
"model_logit_2_hw",927.868861380894,943.003576732283
"model_logit_all_hw",928.702331491879,953.926857077525
