"model","BIC_value"
"logarithmic",997.875700417076
"linear",999.365153531656
"poly2",1005.51188646998
"poly3",1011.00513637441
"exponential",1147.52513879048
