"variable","spearman_corr","p_value_spearman","p_value_perm"
"lipids2",0.275761599143013,1.75915311644124e-21,0
"lipids3",-0.132659199235206,6.48802402034322e-06,0
"lipids4",0.138915960876463,2.30604743975627e-06,0
